{
  "info": {
    "version": 1,
    "author": "xcode"
  },
  "colors": [
    {
      "idiom": "universal",
      "appearances": [
        {
          "appearance": "luminosity",
          "value": "light"
        }
      ],
      "color": {
        "color-space": "srgb",
        "components": {
          "red": "0.988235",
          "green": "0.717647",
          "blue": "0.709804",
          "alpha": "1.000000"
        }
      }
    },
    {
      "idiom": "universal",
      "appearances": [
        {
          "appearance": "luminosity",
          "value": "dark"
        }
      ],
      "color": {
        "color-space": "srgb",
        "components": {
          "red": "0.917647",
          "green": "0.662745",
          "blue": "0.650980",
          "alpha": "1.000000"
        }
      }
    }
  ]
}